name,score
null,38378.673521804994
null,34990.91259976969
null,31862.142621414412
Cate Blanchett,31068.40072041278
null,30730.76556082805
Samuel L. Jackson,28283.410363851235
Hugo Weaving,25672.096058005216
Jennifer Ehle,24751.0
null,24672.0
Scarlett Johansson,22761.55325875058